Task,Start,End,Duration,Status
项目初始化,2025-12-20,2025-12-22,3d,完成
后端开发,2025-12-22,2025-12-28,6d,完成
前端开发,2025-12-25,2025-12-30,5d,完成
CI/CD配置,2025-12-28,2026-01-03,6d,完成
监控集成,2026-01-03,2026-01-07,4d,完成
WebSocket通知,2026-01-05,2026-01-09,4d,完成
Sentry监控,2026-01-07,2026-01-10,3d,完成
文档完善,2026-01-08,2026-01-10,2d,完成
功能升级V2(PR-09~13),2026-01-10,2026-02-11,32d,完成
功能升级V3(PR-14~18),2026-02-01,2026-02-11,10d,完成
设计文档补充,2026-02-11,2026-03-18,35d,完成
CI安全扫描修复,2026-03-18,2026-03-24,6d,完成
依赖升级与类型刷新,2026-03-24,2026-03-24,1d,完成
MIT许可证,2026-03-24,2026-03-24,1d,完成
UI全面重设计,2026-03-25,2026-03-25,1d,完成
残留代码清理,2026-03-25,2026-03-25,1d,完成
文档与追踪同步,2026-03-25,2026-03-25,1d,完成
后端测试补齐,待定,待定,-,待完善
国际化对齐,待定,待定,-,待完善
V1功能收口,待定,待定,-,待完善
